{
  "Version": 1,
  "WorkspaceRootPath": "C:\\Users\\noahs\\OneDrive - Seneca\\Seneca\\Sem3\\SFT211\\Project\\winter24-sft221-nii-3-main\\winter24-sft221-nii-3-main\\SourceCode\\",
  "Documents": [
    {
      "AbsoluteMoniker": "D:0:0:{A2FE74E1-B743-11D0-AE1A-00A0C90FFFC3}|\u003CMiscFiles\u003E|C:\\Users\\noahs\\OneDrive - Seneca\\Seneca\\Sem3\\SFT211\\Project\\winter24-sft221-nii-3-main\\winter24-sft221-nii-3-main\\SourceCode\\Project\\main.c||{D0E1A5C6-B359-4E41-9B60-3365922C2A22}",
      "RelativeMoniker": "D:0:0:{A2FE74E1-B743-11D0-AE1A-00A0C90FFFC3}|\u003CMiscFiles\u003E|solutionrelative:Project\\main.c||{D0E1A5C6-B359-4E41-9B60-3365922C2A22}"
    },
    {
      "AbsoluteMoniker": "D:0:0:{A2FE74E1-B743-11D0-AE1A-00A0C90FFFC3}|\u003CMiscFiles\u003E|C:\\Users\\noahs\\OneDrive - Seneca\\Seneca\\Sem3\\SFT211\\Project\\winter24-sft221-nii-3-main\\winter24-sft221-nii-3-main\\SourceCode\\Project\\mapping.c||{D0E1A5C6-B359-4E41-9B60-3365922C2A22}",
      "RelativeMoniker": "D:0:0:{A2FE74E1-B743-11D0-AE1A-00A0C90FFFC3}|\u003CMiscFiles\u003E|solutionrelative:Project\\mapping.c||{D0E1A5C6-B359-4E41-9B60-3365922C2A22}"
    },
    {
      "AbsoluteMoniker": "D:0:0:{A2FE74E1-B743-11D0-AE1A-00A0C90FFFC3}|\u003CMiscFiles\u003E|C:\\Users\\noahs\\OneDrive - Seneca\\Seneca\\Sem3\\SFT211\\Project\\winter24-sft221-nii-3-main\\winter24-sft221-nii-3-main\\SourceCode\\Project\\Truck.c||{D0E1A5C6-B359-4E41-9B60-3365922C2A22}",
      "RelativeMoniker": "D:0:0:{A2FE74E1-B743-11D0-AE1A-00A0C90FFFC3}|\u003CMiscFiles\u003E|solutionrelative:Project\\Truck.c||{D0E1A5C6-B359-4E41-9B60-3365922C2A22}"
    },
    {
      "AbsoluteMoniker": "D:0:0:{A2FE74E1-B743-11D0-AE1A-00A0C90FFFC3}|\u003CMiscFiles\u003E|C:\\Users\\noahs\\OneDrive - Seneca\\Seneca\\Sem3\\SFT211\\Project\\winter24-sft221-nii-3-main\\winter24-sft221-nii-3-main\\SourceCode\\Project\\mapping.h||{D0E1A5C6-B359-4E41-9B60-3365922C2A22}",
      "RelativeMoniker": "D:0:0:{A2FE74E1-B743-11D0-AE1A-00A0C90FFFC3}|\u003CMiscFiles\u003E|solutionrelative:Project\\mapping.h||{D0E1A5C6-B359-4E41-9B60-3365922C2A22}"
    },
    {
      "AbsoluteMoniker": "D:0:0:{A2FE74E1-B743-11D0-AE1A-00A0C90FFFC3}|\u003CMiscFiles\u003E|C:\\Users\\noahs\\OneDrive - Seneca\\Seneca\\Sem3\\SFT211\\Project\\winter24-sft221-nii-3-main\\winter24-sft221-nii-3-main\\SourceCode\\Project\\Test.c||{D0E1A5C6-B359-4E41-9B60-3365922C2A22}",
      "RelativeMoniker": "D:0:0:{A2FE74E1-B743-11D0-AE1A-00A0C90FFFC3}|\u003CMiscFiles\u003E|solutionrelative:Project\\Test.c||{D0E1A5C6-B359-4E41-9B60-3365922C2A22}"
    }
  ],
  "DocumentGroupContainers": [
    {
      "Orientation": 0,
      "VerticalTabListWidth": 256,
      "DocumentGroups": [
        {
          "DockedWidth": 200,
          "SelectedChildIndex": 4,
          "Children": [
            {
              "$type": "Document",
              "DocumentIndex": 2,
              "Title": "Truck.c",
              "DocumentMoniker": "C:\\Users\\noahs\\OneDrive - Seneca\\Seneca\\Sem3\\SFT211\\Project\\winter24-sft221-nii-3-main\\winter24-sft221-nii-3-main\\SourceCode\\Project\\Truck.c",
              "RelativeDocumentMoniker": "Project\\Truck.c",
              "ToolTip": "C:\\Users\\noahs\\OneDrive - Seneca\\Seneca\\Sem3\\SFT211\\Project\\winter24-sft221-nii-3-main\\winter24-sft221-nii-3-main\\SourceCode\\Project\\Truck.c",
              "RelativeToolTip": "Project\\Truck.c",
              "Icon": "ae27a6b0-e345-4288-96df-5eaf394ee369.000423|",
              "WhenOpened": "2024-08-13T01:32:36.596Z",
              "EditorCaption": ""
            },
            {
              "$type": "Document",
              "DocumentIndex": 4,
              "Title": "Test.c",
              "DocumentMoniker": "C:\\Users\\noahs\\OneDrive - Seneca\\Seneca\\Sem3\\SFT211\\Project\\winter24-sft221-nii-3-main\\winter24-sft221-nii-3-main\\SourceCode\\Project\\Test.c",
              "RelativeDocumentMoniker": "Project\\Test.c",
              "ToolTip": "C:\\Users\\noahs\\OneDrive - Seneca\\Seneca\\Sem3\\SFT211\\Project\\winter24-sft221-nii-3-main\\winter24-sft221-nii-3-main\\SourceCode\\Project\\Test.c",
              "RelativeToolTip": "Project\\Test.c",
              "Icon": "ae27a6b0-e345-4288-96df-5eaf394ee369.000423|",
              "WhenOpened": "2024-08-13T01:23:13.489Z",
              "EditorCaption": ""
            },
            {
              "$type": "Document",
              "DocumentIndex": 3,
              "Title": "mapping.h",
              "DocumentMoniker": "C:\\Users\\noahs\\OneDrive - Seneca\\Seneca\\Sem3\\SFT211\\Project\\winter24-sft221-nii-3-main\\winter24-sft221-nii-3-main\\SourceCode\\Project\\mapping.h",
              "RelativeDocumentMoniker": "Project\\mapping.h",
              "ToolTip": "C:\\Users\\noahs\\OneDrive - Seneca\\Seneca\\Sem3\\SFT211\\Project\\winter24-sft221-nii-3-main\\winter24-sft221-nii-3-main\\SourceCode\\Project\\mapping.h",
              "RelativeToolTip": "Project\\mapping.h",
              "Icon": "ae27a6b0-e345-4288-96df-5eaf394ee369.000680|",
              "WhenOpened": "2024-08-13T01:23:09.715Z",
              "EditorCaption": ""
            },
            {
              "$type": "Document",
              "DocumentIndex": 1,
              "Title": "mapping.c",
              "DocumentMoniker": "C:\\Users\\noahs\\OneDrive - Seneca\\Seneca\\Sem3\\SFT211\\Project\\winter24-sft221-nii-3-main\\winter24-sft221-nii-3-main\\SourceCode\\Project\\mapping.c",
              "RelativeDocumentMoniker": "Project\\mapping.c",
              "ToolTip": "C:\\Users\\noahs\\OneDrive - Seneca\\Seneca\\Sem3\\SFT211\\Project\\winter24-sft221-nii-3-main\\winter24-sft221-nii-3-main\\SourceCode\\Project\\mapping.c",
              "RelativeToolTip": "Project\\mapping.c",
              "Icon": "ae27a6b0-e345-4288-96df-5eaf394ee369.000423|",
              "WhenOpened": "2024-08-13T01:23:07.746Z",
              "EditorCaption": ""
            },
            {
              "$type": "Document",
              "DocumentIndex": 0,
              "Title": "main.c",
              "DocumentMoniker": "C:\\Users\\noahs\\OneDrive - Seneca\\Seneca\\Sem3\\SFT211\\Project\\winter24-sft221-nii-3-main\\winter24-sft221-nii-3-main\\SourceCode\\Project\\main.c",
              "RelativeDocumentMoniker": "Project\\main.c",
              "ToolTip": "C:\\Users\\noahs\\OneDrive - Seneca\\Seneca\\Sem3\\SFT211\\Project\\winter24-sft221-nii-3-main\\winter24-sft221-nii-3-main\\SourceCode\\Project\\main.c",
              "RelativeToolTip": "Project\\main.c",
              "Icon": "ae27a6b0-e345-4288-96df-5eaf394ee369.000423|",
              "WhenOpened": "2024-08-13T01:21:48.48Z",
              "EditorCaption": ""
            }
          ]
        }
      ]
    }
  ]
}